,index,word,frequency
150,1297,машина,7550
151,553,давати,7534
152,2236,саме,7528
153,213,взяти,7490
154,2269,село,7476
155,1523,нема,7437
156,576,двері,7434
157,678,друг,7406
158,2998,їхній,7289
159,2550,твій,7276
160,2771,хіба,7247
161,2043,просто,7239
162,2989,іти,7232
163,2291,син,7223
164,1753,писати,7195
165,1384,між,7170
166,1353,молодий,7125
167,1696,пан,7120
168,397,відповісти,7023
169,770,завжди,6996
170,2353,сонце,6973
171,2527,таки,6966
172,1989,прийти,6900
173,2618,три,6897
174,2731,хата,6879
175,1261,мабуть,6846
176,2134,раптом,6816
177,143,бік,6695
178,1572,ніч,6685
179,144,білий,6666
180,2277,серед,6608
181,660,дорога,6584
182,2725,хай,6578
183,1563,ніколи,6569
184,1503,небо,6569
185,2628,трохи,6560
186,2395,справді,6540
187,1962,працювати,6501
188,631,добрий,6475
189,1225,любити,6470
190,2870,шлях,6445
191,2732,хвилина,6443
192,91,бог,6440
193,2666,україна,6435
194,940,знайти,6346
195,2047,проти,6307
196,1809,погляд,6283
197,2750,ходити,6280
198,2466,стіл,6280
199,2765,хтось,6244
200,2551,твір,6234
201,269,високий,6220
202,2187,розуміти,6176
203,2966,ім,6160
204,2506,сьогодні,6140
205,1249,ліс,6123
206,2122,разом,6097
207,1181,кінь,6067
208,1156,куди,5974
209,1136,країна,5925
210,2576,тисяча,5895
211,560,далі,5847
212,1695,пам,5836
213,2682,усе,5779
214,1769,плече,5776
215,1266,майже,5701
216,1972,при,5617
217,364,вулиця,5615
218,594,десь,5613
219,2334,смерть,5574
220,1334,мова,5562
221,1833,поет,5546
222,1333,мов,5541
223,1561,ніж,5540
224,1198,лежати,5516
225,2469,стіна,5516
226,1050,київ,5482
227,1827,подумати,5473
228,707,дід,5448
229,1071,колгосп,5446
230,2859,шевченко,5413
231,2950,ять,5409
232,1206,лист,5375
233,2790,цілий,5352
234,417,вікно,5311
235,983,зрозуміти,5289
236,490,гора,5225
237,2227,річ,5198
238,124,будинок,5179
239,2126,район,5146
240,827,запитати,5135
241,1179,кінець,5135
242,2327,слухати,5124
243,634,довго,5124
244,1785,повернутися,5105
245,231,видно,5105
246,1843,поки,5103
247,2804,червоний,5095
248,2802,чекати,5095
249,114,брат,5088
250,2316,скільки,5055
251,1849,поле,5047
252,475,година,5045
253,883,звичайно,5019
254,743,живий,5013
255,1602,од,4990
256,1524,немає,4976
257,1402,місяць,4913
258,2040,просити,4889
259,2529,також,4886
260,1470,нарешті,4880
261,2380,спитати,4877
262,69,берег,4835
263,283,виходити,4802
264,1361,море,4797
265,2101,пісня,4686
266,1755,письменник,4679
267,2997,їхати,4663
268,297,власний,4620
269,11,адже,4619
270,2655,увага,4616
271,468,глянути,4607
272,2855,швидко,4605
273,107,боротьба,4556
274,591,дерево,4546
275,1577,об,4532
276,633,довгий,4524
277,1078,колись,4522
278,2934,яний,4520
279,2177,розмова,4517
280,1381,мусити,4513
281,115,брати,4511
282,713,діло,4503
283,1674,отой,4500
284,110,боятися,4491
285,618,директор,4478
286,2509,сюди,4467
287,2648,тіло,4466
288,1178,кімната,4442
289,1065,князь,4435
290,2866,школа,4428
291,438,газета,4422
292,2996,їх,4415
293,2396,справжній,4397
294,1614,одразу,4365
295,996,зі,4345
296,1280,мама,4339
297,869,зв,4338
298,2369,спати,4337
299,2329,слід,4332
300,554,давно,4313
301,2908,явитися,4305
302,763,забути,4298
303,2985,історія,4291
304,1256,література,4281
305,1314,микола,4266
306,1274,маленький,4257
307,1276,мало,4236
308,1230,людський,4234
309,2223,різний,4234
310,429,вітер,4229
311,482,головний,4225
312,310,вогонь,4224
313,2579,тихо,4196
314,772,завод,4139
315,1146,кров,4138
316,682,дружина,4131
317,2758,хотітися,4117
318,1582,область,4114
319,1329,мить,4113
320,2882,шукати,4108
321,1493,начальник,4078
322,2220,рідний,4076
323,323,ворог,4076
324,320,воля,4069
325,2051,професор,4060
326,636,довестися,4052
327,1792,повинний,4042
328,123,бувати,4042
329,264,вирішити,4031
330,1841,показати,4026
331,2522,сісти,4023
332,1463,написати,4010
333,2823,читати,4005
334,2553,театр,3994
335,1963,праця,3963
336,2862,широкий,3963
337,2407,ставати,3962
338,670,досі,3950
339,1474,народний,3936
340,1226,любов,3931
341,653,доля,3891
342,1134,краще,3878
343,1339,мовчати,3876
344,601,деякий,3868
345,2927,якось,3865
346,155,важко,3863
347,1822,подивитися,3859
348,1060,книга,3853
349,1566,німецький,3852
350,1740,перець,3844
351,753,жодний,3839
352,1691,палець,3826
353,2921,язок,3797
354,1021,капітан,3782
355,1806,повітря,3782
356,457,герой,3763
357,2995,їсти,3762
358,2427,статися,3745
359,665,досить,3726
360,2561,темний,3704
361,1327,мистецтво,3702
362,2046,проте,3695
363,7,автор,3687
364,154,важкий,3677
365,1127,край,3675
366,1709,партія,3634
367,2093,підійти,3627
368,1923,потрібний,3605
369,422,вірити,3604
370,1748,петро,3588
371,556,далекий,3587
372,2190,роман,3585
373,1793,повний,3571
374,204,вести,3550
375,208,вечір,3550
376,2887,щастя,3546
377,548,гість,3543
378,659,допомогти,3540
379,1147,крок,3533
380,1941,почути,3531
381,2636,туди,3525
382,2259,світло,3520
383,1937,починати,3484
384,1576,ніякий,3468
385,698,дух,3449
386,24,американський,3435
387,1080,коло,3423
388,2457,страшний,3416
389,1413,навколо,3411
390,2205,рух,3398
391,1565,німець,3381
392,1762,план,3370
393,949,значити,3361
394,1943,почуття,3350
395,557,далеко,3347
396,2617,третій,3346
397,1756,питання,3342
398,2721,фільм,3334
399,1622,ой,3325
400,2945,ятати,3307
401,1914,поставити,3293
402,173,вважати,3281
403,1877,помітити,3276
404,2954,єдиний,3273
405,1047,кинути,3266
406,913,зелений,3265
407,988,зупинитися,3249
408,2110,рада,3243
409,1153,крізь,3237
410,642,додому,3235
411,2800,частина,3235
412,2843,чужий,3226
413,2348,солдат,3223
414,1763,планета,3186
415,806,залишитися,3180
416,2195,російський,3172
417,1588,образ,3161
418,2792,цілком,3150
419,968,золотий,3140
420,2735,хвиля,3133
421,1659,особливо,3127
422,238,викликати,3123
423,2119,радість,3117
424,1437,назад,3113
425,2180,розповідати,3109
426,2744,хліб,3103
427,1048,кинутися,3096
428,189,величезний,3093
429,2034,промовити,3066
430,1680,оце,3061
431,1671,отже,3054
432,1488,наука,3053
433,1507,невже,3053
434,1681,оцей,3050
435,2328,сльоза,3045
436,1950,поїхати,3042
437,1714,певний,3033
438,1956,право,3028
439,425,вірш,3026
440,142,бій,3019
441,165,василь,3003
442,394,відповідати,2997
443,2924,якби,2991
444,2160,робітник,2984
445,523,груди,2982
446,453,генерал,2968
447,74,бити,2959
448,2964,ідея,2955
449,2352,сон,2948
450,1275,малий,2945
451,2752,холодний,2945
452,2133,раніше,2943
453,1154,крім,2941
454,739,ждати,2938
455,390,відомий,2926
456,2828,чого,2924
457,2402,співати,2913
458,1242,лікар,2912
459,658,допомога,2905
460,1453,намагатися,2902
461,1580,обидва,2886
462,396,відповідь,2885
463,1845,покласти,2876
464,316,володимир,2850
465,355,всякий,2849
466,1570,ніс,2847
467,1757,питати,2837
468,1026,картина,2791
469,2801,часто,2773
470,1105,корабель,2773
471,1135,кращий,2771
472,1289,марія,2770
473,1061,книжка,2768
474,2711,форма,2761
475,894,згадати,2760
476,147,більший,2756
477,2027,пройти,2754
478,958,знов,2747
479,531,губа,2746
480,2011,приїхати,2741
481,1161,культура,2739
482,734,жаль,2731
483,610,дивний,2730
484,624,дмитро,2720
485,2745,хмара,2719
486,2549,творчість,2716
487,1336,мовити,2714
488,36,армія,2712
489,463,глибокий,2711
490,1145,кричати,2707
491,956,зникнути,2705
492,1525,немов,2696
493,408,відчути,2692
494,352,встигти,2692
495,367,вухо,2683
496,520,гроші,2682
497,1915,постать,2680
498,1196,ледве,2679
499,2228,річка,2675
500,2375,спина,2672
501,211,взагалі,2671
502,865,зброя,2667
503,333,впасти,2666
504,938,знайомий,2662
505,1831,поезія,2637
506,2961,іванович,2634
507,510,грати,2633
508,416,вік,2629
509,1051,київський,2622
510,558,даль,2622
511,2837,чотири,2608
512,2238,само,2600
513,254,випадок,2592
514,1604,одержати,2589
515,1830,подія,2588
516,2339,сміятися,2584
517,592,держава,2584
518,2182,розповісти,2583
519,407,відчувати,2582
520,661,дорогий,2577
521,1585,обов,2577
522,2517,сім,2571
523,985,зуб,2563
524,27,андрій,2556
525,579,двір,2548
526,1203,летіти,2547
527,2498,схожий,2540
528,449,гарячий,2540
529,1995,принести,2537
530,2437,степан,2533
531,2319,слава,2533
532,888,звідки,2522
533,2387,спокійно,2517
534,1686,павло,2510
535,774,завтра,2505
536,626,дніпро,2501
537,1899,поруч,2499
538,2538,тато,2498
539,421,віра,2495
540,1214,лишитися,2491
541,2821,чистий,2488
542,1491,національний,2486
543,2900,юнак,2484
544,1340,мовчки,2481
545,793,закон,2472
546,930,змогти,2471
547,145,біль,2467
548,418,віктор,2465
549,2971,інженер,2461
550,791,зайти,2451
551,2184,розум,2450
552,855,захід,2441
553,2626,тримати,2439
554,702,дядько,2435
555,199,веселий,2435
556,139,бігти,2434
557,1253,літак,2431
558,1324,мир,2427
559,2489,сучасний,2418
560,2520,сірий,2398
561,1194,легко,2393
562,2424,старший,2390
563,2132,ранок,2388
564,2699,факт,2388
565,1435,надія,2383
566,2085,підняти,2377
567,2342,сніг,2374
568,2756,хороший,2373
569,1422,навіщо,2362
570,2393,спочатку,2355
571,2767,художник,2347
572,2000,природа,2346
573,459,геть,2346
574,2760,хоча,2344
575,2274,сергій,2339
576,415,військовий,2334
577,756,журнал,2327
578,2681,уряд,2324
579,2743,хлопчик,2316
580,1700,папір,2306
581,2768,художній,2305
582,334,вперед,2304
583,1639,он,2303
584,2418,станція,2299
585,1069,козак,2296
586,882,звичайний,2296
587,2365,союз,2288
588,2650,тінь,2287
589,295,влада,2274
590,863,збиратися,2272
591,2232,сад,2262
592,1377,музика,2262
593,2293,синій,2261
594,1331,михайло,2258
595,2189,роль,2251
596,593,державний,2249
597,1758,пити,2245
598,815,замість,2245
599,2606,трава,2244
600,1882,понад,2239
601,2841,чудовий,2232
602,1452,належати,2231
603,445,гаразд,2230
604,2246,святий,2229
605,2975,інститут,2229
606,574,двадцять,2227
607,2436,степ,2226
608,2942,ясно,2222
609,2045,простір,2219
610,1735,перемога,2219
611,382,віддати,2217
612,1323,минути,2217
613,1010,кабінет,2211
614,2141,революція,2210
615,1935,початок,2210
616,0,аби,2210
617,1646,організація,2209
618,1449,наказ,2207
619,2041,простий,2205
620,1049,кишеня,2200
621,1365,москва,2184
622,1539,нехай,2183
623,2006,приходити,2180
624,597,десять,2179
625,1687,падати,2176
626,2824,читач,2175
627,1005,зітхнути,2175
628,2566,теплий,2171
629,2578,тихий,2169
630,419,вільний,2168
631,1538,нести,2162
632,1345,можливо,2154
633,1667,отак,2153
634,970,зоря,2151
635,767,завдання,2149
636,1387,мільйон,2148
637,525,група,2144
638,838,засміятися,2141
639,506,готовий,2139
640,643,дозволити,2139
641,2468,стільки,2139
642,2503,сцена,2138
643,496,город,2137
644,2719,фронт,2134
645,1934,початися,2134
646,1172,кущ,2133
647,2580,тиша,2130
648,1041,керівник,2128
649,2211,ряд,2128
650,993,зустріч,2127
651,1799,повідомити,2125
652,126,будь,2123
653,1504,небудь,2122
654,2967,імператор,2117
655,652,долоня,2115
656,335,вперше,2114
657,2512,сідати,2111
658,1023,карбованець,2107
659,2574,тиждень,2105
660,2827,човен,2105
661,2398,спробувати,2105
662,2260,світовий,2104
663,2548,творчий,2100
664,371,вчений,2096
665,2266,секретар,2091
666,1676,офіцер,2091
667,1787,повертатися,2082
668,2959,єса,2080
669,1725,передати,2077
670,960,зняти,2076
671,1920,потрапити,2075
672,414,військо,2074
673,671,дочка,2074
674,2785,цікавий,2072
675,1517,незабаром,2068
676,2686,успіх,2068
677,1817,подати,2064
678,222,вигляд,2061
679,1450,наказати,2060
680,826,запитання,2056
681,1575,ніяк,2056
682,2415,стан,2052
683,717,дістати,2052
684,2736,хворий,2051
685,639,доводитися,2050
686,2525,табір,2049
687,1079,колишній,2047
688,2537,тарас,2046
689,1811,поглянути,2043
690,1912,поспішати,2039
691,302,вміти,2035
692,1432,надто,2034
693,991,зустріти,2026
694,245,вимагати,2024
695,2886,щасливий,2022
696,1440,називати,2020
697,2560,тема,2018
698,1512,негайно,2015
699,2941,ясний,2014
700,2284,сестра,2010
701,1019,камінь,2009
702,2079,підвестися,2007
703,721,діяти,2003
704,673,дощ,2000
705,715,дім,1999
706,719,дія,1995
707,1016,кам,1995
708,2912,язаний,1992
709,1902,поріг,1990
710,501,господарство,1990
711,514,григорій,1989
712,1662,острів,1987
713,1632,олександр,1987
714,2982,існувати,1985
715,2428,стаття,1985
716,903,здатися,1984
717,45,баба,1981
718,1609,однак,1980
719,2360,сотня,1977
720,1867,політичний,1975
721,2830,чоло,1972
722,1288,марта,1971
723,225,вигукнути,1969
724,1304,мертвий,1964
725,1784,повернути,1961
726,1337,мовляв,1958
727,1987,прийняти,1956
728,129,будівництво,1956
729,1910,посміхнутися,1956
730,2977,інше,1953
731,1743,перше,1952
732,2671,умова,1951
733,1113,короткий,1945
734,1968,прекрасний,1943
735,289,виявитися,1939
736,1122,котрий,1935
737,1761,плакати,1934
738,2248,святослав,1930
739,1842,показувати,1929
740,2515,сільський,1927
741,1132,краса,1920
742,1964,працівник,1918
743,540,густий,1917
744,2431,створити,1916
745,436,гадати,1916
746,2344,собака,1914
747,2168,розвиток,1913
748,2836,чорт,1908
749,504,гострий,1906
750,2311,скоро,1906
751,2198,рот,1905
752,2456,страх,1903
753,2779,церква,1901
754,2825,член,1899
755,2442,сто,1895
756,2914,язати,1880
757,1391,міністр,1880
758,1269,майстер,1878
759,1464,наприклад,1878
760,214,взятися,1877
761,1567,німеччина,1877
762,977,зразу,1874
763,2612,трапитися,1874
764,1346,можливість,1874
765,401,відразу,1874
766,1240,ліжко,1874
767,1169,куток,1872
768,2364,соціалістичний,1869
769,1627,окремий,1869
770,2143,редакція,1868
771,1859,польський,1867
772,391,відомо,1865
773,1057,клуб,1864
774,1439,назвати,1863
775,1322,минулий,1862
776,2727,характер,1861
777,305,вночі,1860
778,1302,менше,1859
779,1089,командир,1857
780,876,звернутися,1856
781,596,десяток,1856
782,1637,ольга,1854
783,2338,сміх,1851
784,2151,риба,1850
785,1174,кілометр,1847
786,1829,подібний,1847
787,1731,переклад,1846
788,1706,партизан,1846
789,805,залишити,1843
790,782,загін,1841
791,2488,сухий,1840
792,2472,суд,1839
793,1036,квіти,1839
794,1163,куля,1838
795,896,згадувати,1836
796,641,додати,1834
797,2294,система,1834
798,2285,сивий,1827
799,2662,удар,1825
800,2563,темрява,1820
801,1188,ласка,1813
802,1306,мета,1813
803,1642,опинитися,1811
804,2716,французький,1809
805,2676,управління,1807
806,2056,прочитати,1804
807,176,вгору,1799
808,2015,провести,1798
809,1655,особа,1797
810,2834,чомусь,1797
811,2384,сподіватися,1794
812,2773,цар,1794
813,1514,недавно,1792
814,1292,матеріал,1790
815,776,загальний,1790
816,1086,коліно,1789
817,1942,почутися,1787
818,778,загинути,1786
819,1966,представник,1783
820,2973,іноді,1780
821,1947,пояснити,1777
822,2208,рушити,1776
823,1343,могутній,1773
824,111,боєць,1770
825,447,гарний,1763
826,287,вищий,1759
827,647,доки,1756
828,2452,сторінка,1754
829,500,господар,1749
830,2499,схопити,1748
831,909,здоров,1737
832,1537,несподівано,1737
833,46,бабуся,1734
834,2178,розмовляти,1733
835,2970,інакше,1728
836,1341,могила,1727
837,530,гріш,1727
838,1781,побігти,1722
839,798,закінчити,1720
840,462,глибина,1718
841,1483,наступний,1717
842,1229,людство,1716
843,383,відділ,1716
844,2253,свіжий,1714
845,1405,міцний,1712
846,1447,найкращий,1712
847,1492,нація,1711
848,50,бажання,1710
849,2359,сорочка,1705
850,1034,квартира,1704
851,1166,купити,1700
852,2300,скеля,1700
853,1510,невідомий,1697
854,2385,спокій,1695
855,499,горіти,1689
856,82,близько,1688
857,2896,щока,1685
858,907,здивуватися,1683
859,657,допомагати,1681
860,1257,літературний,1680
861,1547,нині,1680
862,804,залишатися,1678
863,1424,нагадувати,1678
864,1369,мрія,1676
865,535,гукнути,1674
866,2021,продовжувати,1674
867,621,дитячий,1673
868,1438,назва,1673
869,761,забрати,1671
870,1003,зірка,1671
871,95,божий,1671
872,1142,крило,1670
873,325,ворота,1670
874,1444,найбільше,1668
875,2583,тобто,1667
876,2595,тонкий,1665
877,319,волосся,1665
878,1901,порядок,1662
879,2857,швидше,1662
880,1044,кидати,1662
881,2805,черга,1659
882,1445,найбільший,1659
883,2777,центр,1659
884,25,англійський,1658
885,61,батьківщина,1650
886,106,боротися,1649
887,617,дим,1648
888,578,двоє,1648
889,1505,невеликий,1647
890,1683,очевидно,1647
891,1549,но,1645
892,681,дружба,1644
893,2811,честь,1644
894,1140,крик,1642
895,2864,шия,1639
896,1581,обласний,1636
897,1893,пора,1630
898,1193,легкий,1630
899,202,весна,1630
900,1907,послати,1630
901,494,горе,1629
902,2147,республіка,1629
903,2244,свобода,1626
904,2470,суворий,1623
905,1053,клас,1621
906,1321,минуле,1619
907,356,всі,1615
908,2947,ятий,1614
909,1290,маса,1614
910,1803,повільно,1610
911,1672,ото,1609
912,720,діяльність,1608
913,242,виконувати,1607
914,284,вихід,1606
915,850,заходити,1606
916,2910,являтися,1603
917,200,весело,1602
918,900,згодом,1601
919,2817,чимало,1595
920,1852,полковник,1593
921,2826,чобіт,1592
922,2976,інтерес,1590
923,1201,ленін,1588
924,1658,особливий,1586
925,32,ані,1585
926,179,вдатися,1582
927,178,вдарити,1575
928,1506,невеличкий,1575
929,386,відкрити,1574
930,1553,номер,1573
931,1481,настрій,1572
932,2251,свідомість,1571
933,1578,обережно,1570
934,2270,селянин,1569
935,38,артем,1569
936,1356,молодь,1568
937,2417,становище,1568
938,1310,метр,1565
939,2007,причина,1563
940,277,виступати,1563
941,1264,майбутній,1562
942,75,битися,1561
943,1973,прибути,1557
944,2053,проходити,1555
945,2984,історичний,1555
946,1489,науковий,1553
947,85,блискучий,1552
948,1530,неначе,1552
949,464,глибоко,1551
950,1804,повірити,1551
951,2128,ракета,1549
952,256,випити,1549
953,1247,лінія,1545
954,2194,рости,1539
955,1291,мат,1537
956,2102,пісок,1534
957,2083,підлога,1531
958,1952,правий,1530
959,2289,сильний,1528
960,2185,розумний,1524
961,2986,істота,1523
962,1210,лице,1520
963,2386,спокійний,1519
964,2408,ставити,1518
965,1072,колгоспний,1515
966,2368,спасибі,1514
967,2013,проблема,1513
968,296,власне,1511
969,2645,тяжкий,1509
970,2865,шкода,1508
971,1073,колгоспник,1506
972,2196,росія,1506
973,1197,ледь,1505
974,379,відбуватися,1501
975,1939,почувати,1501
976,611,дивно,1498
977,1263,майбутнє,1496
978,1554,носити,1494
979,1442,назустріч,1493
980,625,дно,1492
981,1141,крикнути,1492
982,2917,язик,1489
983,886,звук,1487
984,1813,погодитися,1486
985,2691,участь,1484
986,1415,навпаки,1483
987,726,екран,1480
988,2060,прямо,1480
989,1876,поміж,1478
990,948,значення,1476
991,1765,платон,1476
992,1237,лівий,1476
993,2647,тікати,1474
994,2693,учень,1473
995,1853,половина,1471
996,1628,оксана,1466
997,934,зміна,1461
998,2315,скрізь,1454
999,2772,хід,1454
1000,1155,крісло,1453
1001,706,дівчинка,1452
1002,467,глядач,1450
1003,889,звідси,1449
1004,1096,комуніст,1449
1005,871,звати,1448
1006,1185,лава,1446
1007,1770,пливти,1445
1008,1300,межа,1445
1009,2696,уявити,1444
1010,860,збагнути,1443
1011,1890,попросити,1443
1012,1896,поранений,1442
1013,2794,ціна,1442
1014,2540,таємниця,1441
1015,2091,підходити,1441
1016,357,втекти,1438
1017,1618,озеро,1438
1018,1993,приміщення,1437
1019,2905,юрій,1437
1020,1670,отець,1436
1021,2225,ріка,1435
1022,240,виконати,1434
1023,998,зібратися,1434
1024,2067,пустити,1432
1025,1858,полум,1432
1026,910,здоровий,1432
1027,2501,схід,1431
1028,2464,студент,1431
1029,2050,протягом,1428
1030,2480,сумнів,1428
1031,1259,літо,1427
1032,2061,прізвище,1427
1033,1888,попереду,1425
1034,649,документ,1422
1035,2737,хвороба,1420
1036,752,жовтий,1420
1037,684,дрібний,1419
1038,153,вагон,1418
1039,2993,їзд,1416
1040,2778,центральний,1416
1041,280,витримати,1415
1042,1938,починатися,1414
1043,2687,уста,1414
1044,1395,містер,1413
1045,2586,товариство,1413
1046,632,добро,1413
1047,2627,триматися,1411
1048,856,західний,1410
1049,1749,петрович,1410
1050,1212,лишатися,1409
1051,1623,океан,1409
1052,583,дев,1409
1053,2057,прошепотіти,1408
1054,2818,чин,1405
1055,942,знак,1404
1056,1236,лягти,1403
1057,2788,цікаво,1401
1058,125,будувати,1400
1059,709,дізнатися,1400
1060,432,вічний,1399
1061,286,вище,1399
1062,1394,міст,1398
1063,509,гра,1398
1064,2534,танк,1395
1065,1818,податися,1395
1066,2939,яскравий,1394
1067,609,дивлячись,1394
1068,2247,свято,1393
1069,616,дикий,1393
1070,712,дійти,1393
1071,2889,щирий,1392
1072,1702,пара,1392
1073,2698,фабрика,1391
1074,1202,леся,1389
1075,376,вчитися,1389
1076,4,автомат,1382
1077,33,апарат,1381
1078,339,враження,1379
1079,635,довести,1379
1080,2584,тов,1379
1081,2799,часом,1379
1082,2635,трудящий,1377
1083,2485,сусід,1377
1084,969,золото,1377
1085,1211,лиш,1376
1086,2434,стежка,1375
1087,411,віз,1374
1088,2684,усміхнутися,1372
1089,380,відбутися,1372
1090,2433,стежити,1370
1091,2703,фашист,1369
1092,2062,птах,1369
1093,890,звідти,1369
1094,807,залізний,1368
1095,2458,страшно,1365
1096,1268,майор,1365
1097,1869,поліція,1364
1098,917,земний,1364
1099,40,артіль,1363
1100,2303,склад,1362
1101,2990,іще,1359
1102,332,воїн,1357
1103,169,вася,1356
1104,2118,радісно,1354
1105,336,вплив,1352
1106,1690,палац,1351
1107,2036,промінь,1350
1108,1164,купа,1346
1109,2258,світлий,1345
1110,359,втратити,1344
1111,731,енергія,1343
1112,1262,магазин,1343
1113,1311,меч,1342
1114,2665,узяти,1341
1115,1207,листя,1339
1116,1790,повести,1339
1117,1406,міцно,1339
1118,1063,княгиня,1337
1119,1273,мал,1337
1120,622,дихати,1333
1121,1832,поема,1333
1122,330,воєвода,1333
1123,1119,космічний,1332
1124,251,винний,1330
1125,2932,ян,1328
1126,1990,приклад,1327
1127,1668,отакий,1327
1128,8,ага,1321
1129,2326,служити,1321
1130,1949,поїзд,1319
1131,1348,мозок,1318
1132,121,брова,1317
1133,306,внутрішній,1315
1134,1807,поганий,1315
1135,1808,погано,1314
1136,377,вчора,1313
1137,1730,перейти,1313
1138,217,вибух,1312
1139,1976,привести,1312
1140,2467,стілець,1312
1141,1986,приймати,1309
1142,435,га,1307
1143,68,безсмертний,1307
1144,2487,суть,1307
1145,340,враз,1307
1146,1159,кулак,1306
1147,172,вбити,1304
1148,2218,рід,1303
1149,2637,туман,1303
1150,1654,основний,1303
1151,846,зате,1302
1152,1399,місцевий,1301
1153,303,вниз,1300
1154,101,бомба,1299
1155,1824,подобатися,1298
1156,2017,програма,1297
1157,600,дещо,1293
1158,590,дерев,1293
1159,2306,складний,1292
1160,1108,коридор,1291
1161,522,груда,1290
1162,2392,спосіб,1288
1163,2229,рішення,1288
1164,307,вовк,1287
1165,555,давній,1286
1166,1836,поза,1285
1167,2174,розказати,1285
1168,1866,політика,1283
1169,2850,шапка,1283
1170,1615,одяг,1281
1171,22,америка,1281
1172,1870,померти,1280
1173,1820,подвір,1280
1174,858,заявити,1279
1175,2856,швидкість,1278
1176,1392,міра,1278
1177,703,дякувати,1277
1178,2876,шофер,1276
1179,1088,команда,1269
1180,1911,посмішка,1269
1181,344,врятувати,1269
1182,1199,лейтенант,1268
1183,1180,кіно,1267
1184,2108,піч,1266
1185,1272,максим,1266
1186,2994,їздити,1265
1187,1715,певно,1265
1188,2462,стріляти,1265
1189,796,закричати,1265
1190,1390,міністерство,1264
1191,1643,оповідання,1263
1192,2024,проект,1262
1193,880,звикнути,1261
1194,2154,риса,1261
1195,627,доба,1260
1196,324,ворожий,1259
1197,2095,пізно,1258
1198,488,голубий,1258
1199,2167,розв,1257
1200,2622,тривога,1257
1201,737,жах,1255
1202,1157,кудись,1255
1203,20,актор,1254
1204,651,долина,1254
1205,1024,карл,1253
1206,2704,фашистський,1252
1207,2449,століття,1251
1208,1500,небезпека,1250
1209,1959,прагнути,1249
1210,1176,кількість,1247
1211,2127,районний,1245
1212,47,багатий,1245
1213,2717,франція,1245
1214,2594,тон,1244
1215,1123,кохання,1243
1216,833,запропонувати,1242
1217,2780,цех,1242
1218,1597,обіцяти,1242
1219,1055,кликати,1242
1220,2715,франко,1241
1221,2656,уважно,1241
1222,1224,любий,1241
1223,2625,тридцять,1240
1224,2724,хазяїн,1238
1225,156,важливий,1237
1226,1076,колесо,1235
1227,844,засіб,1235
1228,1100,комітет,1235
1229,423,вірний,1234
1230,1383,мчати,1234
1231,1921,потреба,1234
1232,762,забувати,1233
1233,351,встати,1232
1234,272,вистава,1231
1235,2723,ха,1230
1236,2885,шість,1229
1237,780,заговорити,1229
1238,1102,контора,1228
1239,2840,чудо,1225
1240,1209,лихо,1224
1241,937,зміст,1223
1242,1363,морський,1222
1243,843,заступник,1221
1244,2706,федя,1220
1245,2895,щойно,1220
1246,252,вино,1220
1247,2928,якраз,1219
1248,1593,обід,1219
1249,1097,комуністичний,1218
1250,276,виступ,1216
1251,992,зустрітися,1216
1252,741,жертва,1215
1253,1410,наближатися,1213
1254,368,входити,1213
1255,614,дивуватися,1212
1256,1358,молоко,1211
1257,2863,широко,1211
1258,957,знищити,1210
1259,696,дурний,1209
1260,1617,озватися,1209
1261,519,громадянин,1209
1262,140,біда,1209
1263,1926,потік,1208
1264,1898,портрет,1207
1265,342,вранці,1206
1266,2055,процес,1205
1267,1014,казка,1205
1268,2162,родина,1201
1269,1431,надзвичайно,1201
1270,2674,упасти,1200
1271,1296,махнути,1199
1272,2890,щиро,1199
1273,39,артист,1199
1274,1851,полк,1197
1275,1560,ніде,1197
1276,2478,сумний,1196
1277,1636,олесь,1196
1278,81,близький,1195
1279,79,ближче,1195
1280,1961,прапор,1194
1281,2604,точно,1192
1282,1944,пощастити,1192
1283,2164,рожевий,1192
1284,2012,пробачити,1188
1285,2026,прозорий,1188
1286,663,досвід,1187
1287,906,здивовано,1185
1288,1712,пахнути,1185
1289,161,варвара,1184
1290,1184,лабораторія,1182
1291,2879,штат,1182
1292,2694,учитель,1182
1293,1231,лютий,1181
1294,2104,піт,1180
1295,2140,революційний,1180
1296,2405,срср,1178
1297,1850,полетіти,1178
1298,2003,прислухатися,1178
1299,1562,ніжний,1178
1300,141,бідний,1178
1301,365,вус,1178
1302,2448,столиця,1177
1303,2893,щодня,1177
1304,1897,порожній,1174
1305,1215,лоб,1174
1306,1900,поряд,1170
1307,1480,настати,1167
1308,2616,трест,1167
1309,2252,свідчити,1167
1310,2173,розділ,1166
1311,1603,ода,1166
1312,2112,радий,1164
1313,1187,лад,1164
1314,1846,покликати,1163
1315,2097,пізніше,1161
1316,1458,напевне,1160
1317,2852,шахта,1158
1318,1916,постріл,1157
1319,946,знаходити,1157
1320,944,знання,1155
1321,2156,робитися,1155
1322,51,бажати,1154
1323,270,високо,1153
1324,2685,усмішка,1152
1325,2484,суспільство,1152
1326,1473,народитися,1152
1327,2615,тремтіти,1151
1328,2212,рядок,1151
1329,599,дехто,1150
1330,1087,колір,1150
1331,1908,послухати,1149
1332,951,значно,1149
1333,2738,хвіст,1149
1334,96,бойовий,1149
1335,1043,кивнути,1147
1336,1880,помічати,1147
1337,2751,холод,1146
1338,2181,розповідь,1146
1339,1144,критика,1144
1340,2567,тепло,1144
1341,2354,сонячний,1143
1342,2904,юрко,1142
1343,476,годинник,1142
1344,1359,момент,1142
1345,920,злий,1141
1346,1400,міський,1141
1347,1975,привезти,1140
1348,2144,режисер,1140
1349,263,вирости,1139
1350,1573,нічний,1139
1351,2894,щодо,1138
1352,1795,поволі,1137
1353,278,виступити,1135
1354,2320,славний,1130
1355,513,григорович,1128
1356,711,дійсність,1124
1357,1349,мокрий,1124
1358,78,блакитний,1122
1359,1653,основа,1121
1360,479,годі,1121
1361,446,гармата,1120
1362,1099,комісія,1120
1363,2909,явище,1119
1364,918,зерно,1118
1365,2872,шматок,1117
1366,2204,руський,1116
1367,867,збір,1115
1368,758,жіночий,1114
1369,1283,марина,1114
1370,2031,пролунати,1113
1371,2086,піднятися,1112
1372,361,втім,1111
1373,2919,язково,1111
1374,2667,українець,1111
1375,119,бригада,1110
1376,42,атомний,1110
1377,1771,площа,1109
1378,2812,четвертий,1106
1379,1370,мріяти,1106
1380,2373,спеціальний,1106
1381,1371,мтс,1105
1382,2762,хрест,1104
1383,878,звертатися,1104
1384,268,висновок,1104
1385,149,більшість,1102
1386,2482,супутник,1102
1387,2078,підвести,1101
1388,839,заснути,1100
1389,2810,чесний,1100
1390,875,звернути,1099
1391,1111,корова,1099
1392,648,доктор,1099
1393,1847,покоління,1099
1394,2500,схопитися,1097
1395,1486,натовп,1097
1396,2200,рудий,1096
1397,2953,європа,1095
1398,1631,олег,1095
1399,444,ганна,1095
1400,1981,пригода,1095
1401,1591,обрій,1094
1402,1064,княжий,1092
1403,412,вій,1091
1404,2504,сша,1091
1405,2543,твердий,1090
1406,1476,населення,1089
1407,2536,таня,1088
1408,2570,техніка,1086
1409,2377,спинитися,1086
1410,470,гнів,1085
1411,363,вузький,1085
1412,2281,серйозний,1081
1413,1777,побачивши,1080
1414,1039,керувати,1077
1415,1519,незвичайний,1077
1416,262,виробництво,1077
1417,2680,урср,1076
1418,2161,робітничий,1075
1419,735,жарт,1074
1420,1656,особистий,1073
1421,1791,повз,1072
1422,1116,коса,1072
1423,1773,пляшка,1072
1424,518,громадський,1070
1425,266,вискочити,1068
1426,2646,тяжко,1068
1427,2267,секунда,1068
1428,1368,мотор,1068
1429,92,богдан,1068
1430,2820,число,1064
1431,89,блідий,1063
1432,1379,мука,1060
1433,2203,русь,1060
1434,892,звір,1060
1435,1258,літній,1058
1436,273,виставка,1058
1437,163,варто,1058
1438,801,зала,1057
1439,2279,середній,1055
1440,1673,отож,1055
1441,978,зрештою,1055
1442,1812,поговорити,1053
1443,1837,позаду,1053
1444,1797,повторити,1051
1445,2814,чий,1051
1446,1865,політ,1050
1447,230,видатний,1049
1448,229,видати,1048
1449,2117,радісний,1047
1450,1924,потрібно,1047
1451,2952,євген,1047
1452,2404,спільний,1046
1453,186,велетенський,1045
1454,2659,увійти,1044
1455,480,голий,1043
1456,374,вчитель,1043
1457,2325,служба,1042
1458,919,зима,1042
1459,1872,помилка,1042
1460,549,гітлер,1042
1461,1075,колектив,1041
1462,528,грім,1041
1463,23,американець,1040
1464,828,запитувати,1040
1465,1955,правління,1040
1466,353,всього,1040
1467,962,зо,1038
1468,1286,марко,1037
1469,529,гріх,1037
1470,2479,сумно,1036
1471,2610,традиція,1034
1472,1529,ненависть,1034
1473,687,дуб,1031
1474,887,звучати,1031
1475,258,випустити,1031
1476,1929,похмурий,1030
1477,2559,телефон,1030
1478,2486,сусідній,1030
1479,672,дошка,1029
1480,507,готувати,1028
1481,990,зусилля,1027
1482,2643,тягнути,1026
1483,1112,король,1026
1484,765,заважати,1025
1485,2214,рівень,1025
1486,1903,посада,1023
1487,620,дитинство,1022
1488,586,демократичний,1022
1489,1535,несподіваний,1022
1490,2697,уявляти,1022
1491,2028,прокинутися,1022
1492,997,зібрати,1021
1493,2797,чарівний,1021
1494,2268,селище,1019
1495,1018,каміння,1019
1496,1118,космос,1018
1497,1789,поверхня,1018
1498,814,замок,1018
1499,1788,поверх,1016
1500,1133,красивий,1016
1501,571,дах,1015
1502,2652,тітка,1015
1503,1752,пильно,1015
1504,2819,численний,1014
1505,585,дем,1012
1506,999,зійти,1011
1507,2943,ясо,1010
1508,1708,партійний,1010
1509,498,горілка,1009
1510,2883,шум,1009
1511,800,зал,1007
1512,1931,похід,1006
1513,569,дата,1006
1514,2010,приємно,1005
1515,2307,скласти,1004
1516,1282,мар,1003
1517,534,гукати,1002
1518,279,висіти,1000
1519,1737,перестати,999
1520,288,виявити,998
1521,967,зокрема,998
1522,1805,повість,998
1523,2129,рана,998
1524,1094,композитор,998
1525,2064,пункт,997
1526,1967,президент,997
1527,2816,чим,997
1528,994,зустрічати,995
1529,552,да,995
1530,2878,штани,994
1531,2673,університет,994
1532,1515,недалеко,993
1533,1362,мороз,993
1534,1128,крайнєв,992
1535,389,відмовитися,991
1536,1328,митець,991
1537,722,діяч,991
1538,1677,ох,989
1539,955,зникати,989
1540,2588,товстий,989
1541,1649,орден,989
1542,1025,карта,989
1543,1641,операція,988
1544,1216,ловити,987
1545,612,диво,987
1546,832,запорожець,985
1547,1320,минати,984
1548,2382,спогад,983
1549,290,виявлятися,983
1550,976,зразок,982
1551,2087,підприємство,981
1552,1559,нібито,981
1553,58,батьки,980
1554,679,друге,980
1555,261,вирватися,979
1556,2542,тварина,979
1557,2302,скинути,978
1558,723,еге,976
1559,1977,привід,976
1560,250,виникнути,975
1561,853,захоплення,974
1562,1012,кажучи,974
1563,309,вогнище,973
1564,2761,храм,973
1565,2366,спалахнути,972
1566,654,дома,972
1567,1704,парк,971
1568,1277,малуша,970
1569,465,глухий,970
1570,2531,талант,968
1571,2217,ріг,968
1572,52,база,968
1573,2231,рішучий,968
1574,1953,правило,967
1575,1278,малювати,966
1576,2629,троє,964
1577,1162,культурний,964
1578,1611,однаково,964
1579,1621,означати,962
1580,2748,ховатися,962
1581,754,жорстокий,962
1582,387,відкритий,961
1583,2005,присутній,960
1584,2397,спроба,960
1585,486,голосно,958
1586,1219,лунати,958
1587,132,буржуазний,958
1588,1688,палата,957
1589,1971,преса,957
1590,2922,язувати,957
1591,1325,мирний,956
1592,1860,польща,956
1593,1477,наслідок,955
1594,2131,рано,955
1595,845,засідання,954
1596,987,зупинити,954
1597,1635,оленка,954
1598,2981,існування,953
1599,1954,правильно,953
1600,508,готуватися,953
1601,1579,обернутися,952
1602,982,зрозуміло,951
1603,1316,милий,951
1604,2297,скарб,951
1605,799,закінчитися,951
1606,2983,істина,950
1607,182,вдома,950
1608,350,встановити,949
1609,1366,московський,946
1610,2806,черговий,946
1611,1814,подавати,945
1612,1719,перебувати,945
1613,275,вистачити,944
1614,1243,лікарня,943
1615,2907,ява,943
1616,950,значний,942
1617,1070,козацький,942
1618,2575,тип,941
1619,1479,насправді,940
1620,166,васильович,940
1621,2313,скрикнути,939
1622,1511,невідомо,938
1623,862,збирати,938
1624,1117,космонавт,937
1625,1335,мовби,937
1626,1279,малюнок,934
1627,1469,нарада,932
1628,2125,райком,932
1629,239,виконання,932
1630,868,збірка,932
1631,1148,круглий,931
1632,428,вітати,930
1633,2519,сіно,930
1634,312,водночас,930
1635,834,запросити,930
1636,328,воювати,929
1637,2689,усякий,928
1638,259,вираз,928
1639,2362,соціальний,926
1640,1222,льоня,926
1641,1058,ключ,925
1642,100,боліти,925
1643,2037,пропасти,925
1644,308,вогник,925
1645,1103,концерт,924
1646,388,відкриття,924
1647,1685,па,922
1648,313,вождь,922
1649,1462,написаний,921
1650,2381,сповнений,921
1651,2796,чарка,920
1652,2849,шановний,920
1653,893,звісно,920
1654,2869,шкіра,919
1655,223,виглядати,919
1656,138,бігати,919
1657,2815,чийсь,918
1658,604,джон,918
1659,2631,трубка,915
1660,2568,територія,915
1661,1250,лісовий,915
1662,122,брудний,915
1663,598,деталь,914
1664,1372,мудрий,914
1665,219,вивести,914
1666,31,ану,913
1667,852,захопити,913
1668,2032,промисловість,912
1669,2018,прогресивний,910
1670,775,завідуючий,910
1671,49,багатство,910
1672,2413,сталін,909
1673,2033,промова,909
1674,1605,одержувати,909
1675,116,братися,908
1676,764,зав,907
1677,99,болото,906
1678,710,дійсно,905
1679,2710,фон,905
1680,2972,інколи,905
1681,1909,посміхатися,905
1682,226,вид,904
1683,2930,якість,904
1684,691,дума,902
1685,1592,обставина,902
1686,650,долар,900
1687,923,злочин,899
1688,2630,труба,899
1689,1443,найближчий,898
1690,1881,помічник,898
1691,2734,хвилюватися,897
1692,1017,камера,897
1693,527,грізний,897
1694,2545,твердо,897
1695,2465,ступити,897
1696,1472,народження,897
1697,2613,траплятися,897
1698,1501,небезпечний,896
1699,941,знайтися,895
1700,2276,сердито,895
1701,936,змінитися,894
1702,911,здригнутися,894
1703,2202,рукав,893
1704,2562,темно,893
1705,1527,неможливо,893
1706,105,борода,892
1707,2215,рівний,891
1708,1780,побувати,891
1709,44,ах,890
1710,787,зайвий,890
1711,2020,продати,889
1712,2571,технічний,888
1713,1619,озирнутися,888
1714,2906,яблуко,888
1715,2775,царський,887
1716,1722,перевірити,886
1717,2170,розглядати,886
1718,134,буря,885
1719,563,данило,882
1720,203,весняний,882
1721,483,голод,882
1722,538,гурт,882
1723,2642,тюрма,881
1724,1745,період,881
1725,2766,худоба,881
1726,1446,найвищий,881
1727,746,житель,880
1728,2222,різко,880
1729,1844,покинути,880
1730,1992,примусити,879
1731,1751,печера,878
1732,2471,суворо,878
1733,689,дужий,878
1734,2039,пропонувати,877
1735,1906,посилати,876
1736,854,захотіти,876
1737,866,збудувати,876
1738,1520,незнайомий,876
1739,1299,мед,876
1740,1330,михайлик,876
1741,929,змога,876
1742,37,арсен,874
1743,2116,радіо,874
1744,1168,курс,873
1745,291,виїхати,872
1746,1106,кордон,872
1747,904,здатний,871
1748,1303,менший,871
1749,2233,садок,871
1750,1407,мічурін,870
1751,1456,намір,870
1752,821,заперечити,869
1753,2273,семенович,868
1754,1750,петрівна,868
1755,1946,пояс,868
1756,603,джерело,867
1757,637,довкола,867
1758,1540,нещасний,867
1759,963,зобов,867
1760,1408,мішок,866
1761,2992,їжа,865
1762,2242,сашко,864
1763,1736,перемогти,861
1764,1109,користуватися,861
1765,2596,тонна,861
1766,1518,незважаючи,861
1767,2069,пушкін,861
1768,2933,яна,860
1769,1001,зір,860
1770,2372,спершу,860
1771,1782,пов,860
1772,337,впізнати,859
1773,2786,цікавити,859
1774,2903,юрба,859
1775,1528,ненавидіти,859
1776,822,заперечувати,858
1777,1436,назавжди,857
1778,1800,повідомлення,857
1779,1772,пляма,857
1780,2411,сталий,856
1781,733,ех,856
1782,2406,срібний,855
1783,451,гей,855
1784,152,вага,855
1785,1823,подих,855
1786,1326,мисливець,854
1787,2272,семен,854
1788,2770,хутір,853
1789,2931,яма,853
1790,1460,наперед,851
1791,185,везти,851
1792,2038,пропозиція,851
1793,1904,посадити,850
1794,1171,кухня,850
1795,1475,насамперед,850
1796,1599,оглянути,849
1797,1905,посеред,849
1798,54,байдуже,848
1799,2286,сигнал,848
1800,986,зуміти,848
1801,108,борт,847
1802,870,званий,847
1803,1241,лізти,847
1804,2029,проклятий,847
1805,2142,редактор,846
1806,1265,майдан,846
1807,55,байдужий,846
1808,349,вставати,846
1809,750,життєвий,845
1810,2729,харків,845
1811,65,безліч,844
1812,495,горло,844
1813,817,запам,844
1814,2451,сторона,843
1815,2444,стовп,843
1816,857,заява,842
1817,1839,позиція,841
1818,164,вартовий,840
1819,2541,таємничий,840
1820,2152,рибалка,840
1821,1840,познайомитися,840
1822,2330,слідом,840
1823,1252,літа,839
1824,1724,передавати,839
1825,2733,хвилювання,838
1826,1698,панувати,838
1827,2435,стеля,838
1828,848,захист,838
1829,1834,поетичний,838
1830,2304,складати,838
1831,1932,поцілувати,838
1832,1728,передовий,837
1833,2782,цигарка,837
1834,1042,керівництво,836
1835,2473,суддя,836
1836,1054,класти,836
1837,472,го,836
1838,2009,приємний,836
1839,819,запах,836
1840,926,злякатися,835
1841,2008,приятель,835
1842,26,англія,834
1843,1270,майстерня,834
1844,1997,принцип,833
1845,847,зауважити,833
1846,1710,парубок,833
1847,2901,юний,833
1848,2511,сяяти,833
1849,300,вмерти,832
1850,1309,метод,832
1851,738,жахливий,832
1852,1351,молитися,831
1853,935,змінити,831
1854,148,більшовик,831
1855,12,адреса,831
1856,974,зрадіти,830
1857,117,брехати,830
1858,1200,лекція,829
1859,2842,чудово,828
1860,1355,молодший,828
1861,1522,неймовірний,827
1862,644,дозволяти,827
1863,484,голодний,827
1864,2554,театральний,827
1865,1425,нагода,827
1866,1319,мимоволі,826
1867,241,виконком,826
1868,1208,лихий,826
1869,439,гай,825
1870,1587,обоє,825
1871,1746,пес,825
1872,2955,єднання,824
1873,2088,підстава,824
1874,1008,йтися,823
1875,253,випадково,823
1876,1454,намагаючись,823
1877,2146,ремонт,822
1878,1037,квітка,822
1879,17,академія,821
1880,2094,пізнати,821
1881,2199,рота,819
1882,1385,міжнародний,818
1883,789,займатися,817
1884,2023,продукція,816
1885,1448,найменший,816
1886,53,базар,816
1887,1699,пані,815
1888,137,бібліотека,815
1889,93,бодай,815
1890,544,гіркий,815
1891,1374,муж,814
1892,2668,українка,813
1893,1569,ніна,813
1894,952,знаючи,813
1895,824,записати,813
1896,2690,учасник,813
1897,2054,процент,813
1898,1220,львів,812
1899,1378,музичний,812
1900,1887,попередній,812
1901,606,дзвін,811
1902,989,зупинятися,809
1903,995,зустрічатися,809
1904,2321,слов,809
1905,2075,північ,808
1906,1139,кривавий,808
1907,2754,хома,808
1908,1868,поліцай,808
1909,1121,котитися,807
1910,331,воєнний,806
1911,1160,кулемет,805
1912,271,висота,805
1913,613,дивовижний,805
1914,2848,шабля,805
1915,2496,сход,804
1916,1235,лягати,804
1917,2120,радіти,804
1918,403,відстань,804
1919,1855,полонений,803
1920,928,змагання,803
1921,699,духовний,802
1922,175,ввійти,802
1923,2692,учений,802
1924,427,вісім,802
1925,60,батьків,801
1926,2409,ставитися,800
1927,1095,комунізм,799
1928,304,внизу,799
1929,1798,повторювати,798
1930,1052,клайд,798
1931,1027,картопля,797
1932,1030,катерина,797
1933,2333,смак,797
1934,2213,рятувати,797
1935,921,зло,797
1936,1645,орган,797
1937,2749,хода,797
1938,2073,південь,796
1939,1979,пригадати,795
1940,2602,точка,795
1941,2355,сорок,795
1942,2533,танець,795
1943,841,заспокоїтися,795
1944,1120,костюм,795
1945,228,видання,794
1946,1928,похитати,794
1947,2807,черевик,794
1948,924,злочинець,794
1949,1090,комбінат,794
1950,469,гнати,793
1951,2611,трактор,792
1952,1669,отвір,791
1953,1825,подорож,791
1954,2958,єр,791
1955,816,занадто,790
1956,1195,легше,789
1957,224,вигук,789
1958,2150,решта,789
1959,1957,праворуч,788
1960,2968,імперія,788
1961,2425,старшина,788
1962,1423,нагадати,788
1963,1707,партизанський,787
1964,2461,стріла,787
1965,1892,попід,787
1966,566,даремно,786
1967,732,епоха,786
1968,2243,свиня,786
1969,559,дальший,786
1970,736,жартувати,786
1971,1502,небесний,784
1972,5,автомашина,784
1973,2547,творити,783
1974,1254,літати,783
1975,503,господь,783
1976,2653,убити,782
1977,1701,папірець,782
1978,1991,прилад,781
1979,2345,собор,781
1980,2072,південний,781
1981,2383,сподобатися,780
1982,103,борис,780
1983,2569,терпіти,780
1984,2623,тривожний,780
1985,2949,ятник,780
1986,872,зватися,779
1987,2207,ручка,779
1988,2136,рація,777
1989,381,віддавати,776
1990,1138,кремер,776
1991,347,всесвіт,774
1992,2308,скло,774
1993,2035,проміння,774
1994,2186,розуміння,774
1995,1376,музей,773
1996,458,героїчний,773
1997,2163,родич,772
1998,220,вивчати,772
1999,1779,поблизу,771
2000,2881,штучний,771
2001,2292,синок,771
2002,2206,рухатися,771
2003,2135,рахунок,771
2004,2332,сліпий,771
2005,1551,новина,770
2006,2510,сяйво,770
2007,2839,чудесний,770
2008,234,визнати,769
2009,2634,трудовий,769
2010,2701,фарба,769
2011,98,болгарія,768
2012,1652,освіта,768
2013,1468,напрямок,768
2014,1821,подив,767
2015,2255,світанок,767
2016,193,верба,767
2017,6,автомобіль,767
2018,1594,обізватися,767
2019,2695,уява,767
2020,2946,ятдесят,767
2021,1285,марка,766
2022,2621,тривати,765
2023,965,зовнішній,765
2024,1239,ліда,764
2025,301,вмирати,764
2026,406,відчинити,764
2027,2257,світитися,764
2028,813,замовкти,764
2029,2632,труд,763
2030,2282,серйозно,763
2031,315,володар,763
2032,1970,премія,763
2033,281,витягти,763
2034,2145,результат,763
2035,1917,поступово,762
2036,2165,роз,762
2037,2880,штука,761
2038,1630,ол,760
2039,206,весілля,760
2040,2361,софія,759
2041,1338,мовчазний,759
2042,2430,створення,759
2043,505,готель,759
2044,2678,урочистий,759
2045,1498,нащо,758
2046,808,залізниця,757
2047,2175,розкрити,757
2048,2049,протилежний,755
2049,448,гарно,755
2050,2111,радгосп,755
2051,2019,продавати,755
2052,1768,плем,754
2053,2658,увечері,754
2054,2854,швидкий,754
2055,2877,штаб,754
2056,1234,люцифер,754
2057,2226,ріхтер,753
2058,932,змушений,752
2059,2092,підхопити,752
2060,493,гордість,751
2061,1190,лев,751
2062,477,годитися,751
2063,524,грунт,751
2064,1411,наблизитися,751
2065,640,довідатися,750
2066,2535,танцювати,750
2067,1679,охорона,750
2068,1009,кабіна,750
2069,1703,париж,750
2070,257,випускати,748
2071,2963,ідеал,748
2072,704,дівочий,748
2073,420,вільно,747
2074,354,всюди,747
2075,2209,рушниця,747
2076,881,звичай,746
2077,1066,кобзар,746
2078,1388,міліція,746
2079,2677,урок,745
2080,708,дідусь,745
2081,2709,ферма,745
2082,2714,фраза,745
2083,2002,присвячений,745
2084,1764,платити,745
2085,1082,колона,744
2086,836,заради,744
2087,537,гуркіт,744
2088,2789,цікавість,744
2089,373,вчинок,743
2090,1601,оголосити,743
2091,2530,талановитий,742
2092,1093,компанія,741
2093,2416,становити,740
2094,1419,навчитися,739
2095,1532,непомітно,738
2096,2564,теорія,738
2097,2401,спів,738
2098,695,дурень,738
2099,2783,цифра,738
2100,2264,сей,738
2101,1152,круча,737
2102,2991,їдальня,737
2103,442,галя,737
2104,1948,пояснювати,736
2105,127,будівельний,736
2106,584,дедалі,736
2107,2250,свідок,736
2108,1430,надзвичайний,735
2109,668,досягнення,735
2110,1404,міцкевич,735
2111,536,гуляти,735
2112,2090,підтримувати,733
2113,2305,складатися,733
2114,375,вчити,732
2115,1675,отут,732
2116,2948,ятнадцять,731
2117,2346,совість,730
2118,842,заспівати,730
2119,2070,пшениця,730
2120,133,бурхливий,730
2121,2245,своєрідний,730
2122,198,вершник,730
2123,2688,установа,730
2124,1626,окоп,729
2125,440,галина,729
2126,1295,матрос,728
2127,86,блиснути,728
2128,1665,осінь,727
2129,441,галузь,726
2130,551,гітлерівський,726
2131,2935,янко,726
2132,109,боярин,725
2133,2159,робочий,725
2134,2969,ін,725
2135,1741,перо,725
2136,686,дріт,725
2137,2123,рай,725
2138,1110,користь,724
2139,1031,катя,724
2140,2014,пробувати,724
2141,1816,подарунок,723
2142,751,жовтень,723
2143,1114,коротко,722
2144,768,завдяки,722
2145,667,дослідження,722
2146,67,безперечно,721
2147,1396,містечко,721
2148,1508,невидимий,721
2149,2557,текти,721
2150,1564,нікуди,720
2151,209,вечірній,720
2152,2429,створений,719
2153,1494,начальство,719
2154,2495,сховатися,718
2155,1011,кадр,718
2156,41,атмосфера,718
2157,9,агент,717
2158,1640,опера,717
2159,2987,італійський,716
2160,34,аркадій,716
2161,727,експедиція,715
2162,267,висловити,714
2163,2410,ставлення,714
2164,2962,ігор,714
2165,1767,плащ,713
2166,249,виникати,713
2167,1996,приносити,712
2168,877,звертати,712
2169,891,звільнити,712
2170,1308,металевий,712
2171,730,елемент,711
2172,1711,пасажир,711
2173,2084,піднести,711
2174,2447,столик,711
2175,2708,фейлетон,711
2176,64,безбородько,711
2177,589,депутат,710
2178,2672,уміти,710
2179,2846,чутися,709
2180,879,звести,709
2181,2507,сьогоднішній,709
2182,820,запевняти,709
2183,1312,мешканець,708
2184,2340,снаряд,708
2185,2911,яз,707
2186,543,гілка,707
2187,690,дужче,707
2188,1307,метал,707
2189,1718,перебити,707
2190,2860,шеф,706
2191,2335,смуга,706
2192,2747,ховати,705
2193,1085,коляда,705
2194,2063,птиця,705
2195,2432,створювати,704
2196,602,джеймс,704
2197,162,вартий,704
2198,2455,страждання,703
2199,2718,фред,703
2200,2076,північний,702
2201,803,залишати,702
2202,2148,ресторан,701
2203,2058,прощати,700
2204,1875,помчати,700
2205,1819,подвиг,700
2206,2262,свічка,698
2207,2608,трагедія,698
2208,1281,мамай,698
2209,2585,товар,698
2210,1545,низький,698
2211,1183,кіт,698
2212,953,зненацька,697
2213,192,веліти,697
2214,29,анна,697
2215,2597,тоня,697
2216,120,бригадир,697
2217,744,живіт,697
2218,1883,понести,696
2219,1244,лікоть,695
2220,1126,кп,695
2221,1354,молодиця,695
2222,1067,коваль,694
2223,369,вхід,693
2224,802,залежати,693
2225,2505,ський,693
2226,395,відповідний,693
2227,2663,ударити,692
2228,1739,переходити,691
2229,362,вугілля,690
2230,1165,купець,690
2231,697,дурниця,690
2232,2937,яр,690
2233,2607,травень,689
2234,1416,навряд,688
2235,2301,скидан,688
2236,2030,прокурор,688
2237,810,залізо,688
2238,1149,крутий,687
2239,916,землянка,687
2240,1894,порада,687
2241,1029,катастрофа,687
2242,2239,самотній,686
2243,674,драма,686
2244,190,величний,685
2245,546,гірський,685
2246,2113,радити,685
2247,1661,остаточно,684
2248,2440,стиль,684
2249,274,вистачати,684
2250,1150,крутити,684
2251,1357,молодість,683
2252,194,вернутися,683
2253,87,блищати,683
2254,73,битва,681
2255,2795,чай,681
2256,669,досягти,681
2257,2600,торкнутися,680
2258,2497,сходити,680
2259,1810,поглядати,680
2260,1418,навчити,679
2261,1958,прагнення,679
2262,2065,пускати,679
2263,1373,мудрість,679
2264,2378,спис,678
2265,1056,клопіт,678
2266,2390,споруда,678
2267,2940,яскраво,677
2268,235,визначити,677
2269,861,зберегти,677
2270,437,газ,676
2271,1137,крб,676
2272,980,зроблений,674
2273,2793,цілувати,674
2274,2753,холодно,674
2275,1738,перетворитися,674
2276,2477,сума,674
2277,151,біс,673
2278,2299,скаржитися,673
2279,1607,одеський,673
2280,1536,несподіванка,673
2281,66,безмежний,673
2282,2769,хустка,673
2283,2391,спостерігати,673
2284,2787,цікавитися,673
2285,2298,скарга,673
2286,70,берегти,672
2287,1980,пригадувати,672
2288,562,даний,672
2289,181,вдень,671
2290,104,борисович,671
2291,1434,надіслати,671
2292,1988,прийом,670
2293,925,злякано,670
2294,1732,перекладач,669
2295,159,валерик,668
2296,247,вимога,668
2297,1629,окуляр,668
2298,1734,переконатися,668
2299,2832,чоловічий,668
2300,1664,осінній,667
2301,781,загрожувати,667
2302,2068,путь,666
2303,384,відзначити,666
2304,2179,розмір,665
2305,694,дунай,665
2306,784,задоволений,665
2307,2524,сіяти,665
2308,1918,постійний,664
2309,655,донька,664
2310,1167,купувати,664
2311,1895,порадити,664
2312,118,брехня,663
2313,777,загибель,662
2314,1634,олена,662
2315,605,дзвонити,662
2316,1238,ліворуч,662
2317,1542,нещодавно,661
2318,898,згодитися,661
2319,2403,спілка,661
2320,943,знаменитий,660
2321,1223,льотчик,660
2322,474,гоголь,660
2323,897,згода,660
2324,1974,прив,660
2325,771,завмерти,660
2326,299,влаштувати,659
2327,899,згодний,659
2328,1098,комісар,659
2329,2481,суперечка,659
2330,1245,ліля,659
2331,607,дзеркало,659
2332,539,гусак,658
2333,1191,левко,658
2334,1886,попередити,658
2335,2722,фірма,657
2336,157,вайвасвата,657
2337,434,вія,657
2338,2324,слуга,656
2339,638,доводити,656
2340,2670,улюблений,656
2341,1826,подруга,655
2342,478,годувати,655
2343,243,використати,655
2344,2074,півень,655
2345,662,дорослий,654
2346,2109,раб,654
2347,360,втрачати,654
2348,2483,суспільний,653
2349,718,дістатися,653
2350,1998,припасти,653
2351,2639,турбота,653
2352,94,божевільний,652
2353,216,вибрати,652
2354,2851,шафа,652
2355,71,берлін,651
2356,2193,рослина,651
2357,792,закликати,651
2358,136,бюро,651
2359,1251,літ,650
2360,1521,незрозумілий,650
2361,1104,копійка,650
2362,971,зоряний,649
2363,2774,царство,649
2364,1766,плач,649
2365,2822,чисто,649
2366,1028,кат,649
2367,2707,федір,648
2368,2210,руїна,648
2369,895,згадка,648
2370,2336,сміливий,648
2371,2926,яковенко,648
2372,1221,львівський,648
2373,2103,пістолет,647
2374,2660,угорський,647
2375,221,вигадати,647
2376,1516,неділя,647
2377,1774,плід,646
2378,1862,полягати,646
2379,1717,пекло,646
2380,197,вершина,646
2381,2609,трагічний,646
2382,1727,передній,645
2383,237,викинути,645
2384,2741,хлоп,645
2385,1301,мелодія,645
2386,915,земляк,645
2387,2414,сталінський,644
2388,1083,колючий,644
2389,410,відійти,644
2390,2730,харківський,643
2391,1246,ліна,642
2392,2638,тур,642
2393,2439,степовий,641
2394,2197,росіянин,641
2395,1647,організм,641
2396,2640,турбуватися,641
2397,1596,обійтися,640
2398,1726,передача,640
2399,2897,щоправда,640
2400,1678,охопити,640
2401,2271,селянський,640
2402,2350,солодкий,640
2403,1035,квиток,639
2404,452,гектар,639
2405,2460,стрункий,639
2406,2347,сокира,639
2407,43,африка,639
2408,1360,моральний,638
2409,1606,одеса,637
2410,1713,певне,637
2411,1889,попливти,637
2412,1556,нью,636
2413,1459,напевно,636
2414,1451,наказувати,635
2415,811,замислитися,635
2416,174,ввечері,634
2417,460,гетьман,634
2418,912,здійснити,634
2419,2763,христос,633
2420,2317,скінчитися,633
2421,2791,цілковитий,633
2422,10,агроном,633
2423,76,благати,633
2424,964,зображення,633
2425,1600,оглянутися,633
2426,1466,напружений,633
2427,1613,одночасно,632
2428,16,академік,632
2429,2654,ув,632
2430,1125,коштувати,632
2431,2422,старовинний,631
2432,294,вкритий,631
2433,184,вежа,631
2434,1457,напад,630
2435,2388,сполучений,630
2436,729,електричний,630
2437,2234,сало,630
2438,2916,язень,630
2439,685,дрібниця,629
2440,2599,торгівля,629
2441,232,визволення,629
2442,285,вишня,628
2443,1945,поява,628
2444,2980,іскра,628
2445,1644,опустити,628
2446,1092,комендант,627
2447,2309,склянка,627
2448,2491,схвильований,627
2449,1107,кореспондент,627
2450,1648,організувати,626
2451,1760,плавати,626
2452,461,гинути,625
2453,1871,помилитися,625
2454,760,заборонити,624
2455,1586,оборона,624
2456,128,будівля,623
2457,1046,килим,623
2458,2951,ящик,622
2459,676,драматург,622
2460,2337,сміти,622
2461,1298,маючи,621
2462,260,виразно,621
2463,1983,придумати,621
2464,1192,легенда,621
2465,409,відчуття,620
2466,2556,текст,620
2467,1255,літера,620
2468,1794,повністю,620
2469,1885,попасти,620
2470,18,акт,619
2471,773,заводський,618
2472,1874,помовчати,618
2473,1344,можливий,618
2474,580,двісті,618
2475,788,займати,618
2476,1786,повертати,618
2477,1796,повстання,618
2478,1045,кидатися,617
2479,1863,поляк,617
2480,908,здобути,617
2481,1038,кейз,616
2482,2358,соромно,616
2483,492,гордий,616
2484,1864,полізти,616
2485,2098,пілот,616
2486,572,дбати,615
2487,581,двічі,614
2488,1936,почекати,614
2489,1218,лука,614
2490,779,заглянути,613
2491,2871,шляхтич,613
2492,905,здивований,612
2493,884,звичка,612
2494,97,болгарський,612
2495,1182,кістка,612
2496,1131,крапля,612
2497,2884,шуміти,612
2498,2513,сіль,611
2499,2936,янський,611
2500,629,добратися,611
2501,2265,секрет,611
2502,2419,старанно,611
2503,2712,фортеця,610
2504,1783,поведінка,610
2505,2310,сковорода,610
2506,1856,полотно,609
2507,840,заспокоїти,609
2508,1233,лють,609
2509,795,закрити,609
2510,2913,язання,608
2511,1638,олівець,608
2512,646,доказ,608
2513,2080,підготовка,608
2514,2138,реальний,607
2515,1541,нещастя,607
2516,512,грецький,607
2517,1267,майнути,607
2518,80,ближчий,607
2519,2514,сільрада,607
2520,1461,напис,606
2521,1002,зірвати,606
2522,400,відпустити,606
2523,2476,сум,606
2524,77,благородний,606
2525,1595,обійми,606
2526,2988,італія,606
2527,829,заплакати,605
2528,88,блукати,605
2529,1367,мотив,604
2530,1612,одначе,604
2531,1129,крамниця,604
2532,2902,юра,604
2533,1315,микула,604
2534,825,записка,603
2535,1801,повідомляти,603
2536,545,гірко,603
2537,393,відповідальність,603
2538,561,дама,602
2539,1610,однаковий,602
2540,2713,фото,602
2541,1143,критик,601
2542,755,жрець,601
2543,859,заєць,601
2544,1074,колега,601
2545,1815,подарувати,601
2546,2679,урочисто,601
2547,2475,судно,600
2548,785,задоволення,600
2549,2400,спуститися,600
2550,1694,пальто,600
2551,1260,ліхтар,600
2552,2295,ситуація,600
2553,471,гніздо,600
2554,1616,озброєний,600
2555,1332,михайлович,600
2556,19,активний,600
2557,1032,каюта,600
2558,2371,сперечатися,599
2559,2042,простити,599
2560,1994,принаймні,599
2561,766,завгодно,599
2562,769,завести,599
2563,2099,піп,599
2564,402,відро,598
2565,1482,наступ,598
2566,2493,схилитися,598
2567,131,бур,598
2568,2278,середина,598
2569,2739,химерний,597
2570,2192,роса,597
2571,1284,марк,597
2572,902,здалеку,597
2573,348,всміхнутися,596
2574,35,аркуш,596
2575,849,захищати,596
2576,874,звенигора,596
2577,454,геніальний,596
2578,2066,пустеля,595
2579,431,вітя,595
2580,2867,шкура,595
2581,2590,тож,595
2582,2323,словом,594
2583,2651,тісний,594
2584,1978,привіт,594
2585,183,вдруге,594
2586,2459,стрибати,594
2587,160,ваня,594
2588,587,демократія,594
2589,187,велетень,593
2590,1584,обняти,593
2591,366,вуста,593
2592,1548,нитка,593
2593,1186,лагідний,593
2594,818,запас,593
2595,1318,мимо,592
2596,1930,похмуро,592
2597,1412,набрати,592
2598,433,віщун,592
2599,244,вилізти,592
2600,1217,ложка,592
2601,1151,крутитися,592
2602,954,знизати,591
2603,1115,корпус,590
2604,341,вразити,590
2605,1040,керуючий,590
2606,1455,намет,590
2607,2280,сержант,589
2608,1485,натиснути,589
2609,248,винести,589
2610,2938,ярополк,589
2611,2923,яйце,588
2612,714,ділянка,588
2613,2518,сіни,588
2614,2492,схил,587
2615,2183,розпорядження,587
2616,742,жест,587
2617,2169,розвідка,587
2618,430,вітчизна,586
2619,1620,ознака,586
2620,1891,попрямувати,586
2621,207,вечеря,585
2622,2256,світити,585
2623,1389,міна,585
2624,783,задній,585
2625,1693,палуба,585
2626,2474,судити,585
2627,2137,реакція,584
2628,1248,ліпший,584
2629,2891,щит,584
2630,1531,неодмінно,584
2631,338,вражений,584
2632,1857,полтавський,583
2633,2089,підтримати,583
2634,30,антонович,583
2635,2445,стогнати,583
2636,1293,матерія,583
2637,1984,признатися,583
2638,2494,сховати,583
2639,487,голуб,583
2640,84,блискавка,583
2641,112,бракувати,583
2642,2052,прохання,582
2643,790,зайняти,582
2644,1650,орел,582
2645,1759,пишний,582
2646,1533,неприємний,581
2647,2490,сфера,581
2648,180,вдача,580
2649,2875,шостий,580
2650,2374,спеціаліст,579
2651,2661,угору,579
2652,83,блиск,579
2653,2619,трибуна,579
2654,1590,обрати,578
2655,927,злість,578
2656,2341,снитися,578
2657,2781,цивілізація,578
2658,2044,простягнути,578
2659,972,зостатися,578
2660,2025,прожити,578
2661,1716,педро,577
2662,2868,шкільний,577
2663,567,дарма,577
2664,398,відпочинок,577
2665,2918,язка,577
2666,2502,східний,577
2667,759,забирати,577
2668,947,знаходитися,576
2669,28,андрійко,576
2670,664,досвідчений,576
2671,1189,ласкавий,576
2672,533,гудіти,575
2673,1982,придбати,574
2674,2844,чужинець,574
2675,177,вдаватися,574
2676,2230,рішуче,574
2677,1534,нерв,574
2678,675,драматичний,573
2679,2746,хмельницький,573
2680,1465,наприкінці,573
2681,1380,мур,572
2682,2633,труднощі,572
2683,1513,негр,572
2684,2314,скромний,572
2685,2847,чітко,572
2686,2443,стовбур,572
2687,227,видавництво,571
2688,1625,околиця,570
2689,1835,пожежа,570
2690,2803,чекаючи,570
2691,725,економічний,570
2692,2702,фашизм,569
2693,1960,практика,569
2694,317,володя,569
2695,1084,коля,569
2696,981,зрозумілий,569
2697,1287,марно,569
2698,2915,язатися,569
2699,196,верховний,568
2700,1509,неволя,568
2701,2082,підземний,568
2702,2463,стрічка,568
2703,2349,солдатський,568
2704,2809,черниш,568
2705,171,вбивати,568
2706,2675,уперед,567
2707,2624,тривожно,567
2708,1350,молитва,566
2709,1409,набагато,566
2710,2399,спускатися,566
2711,1526,немовби,566
2712,745,жила,565
2713,2312,скоріше,565
2714,2240,самісінький,565
2715,2957,єкт,564
2716,515,гриміти,564
2717,2740,хитрий,564
2718,2071,півгодини,564
2719,2644,тягнутися,564
2720,56,барва,563
2721,135,бухгалтер,563
2722,2705,федорович,563
2723,1692,палити,563
2724,547,гірший,563
2725,2920,язниця,563
2726,1441,називатися,563
2727,455,геній,563
2728,2539,таємний,562
2729,255,випасти,562
2730,797,закінчення,562
2731,2130,ранній,562
2732,1925,потужний,561
2733,656,доповідь,561
2734,2544,твердити,561
2735,399,відпочити,561
2736,1352,молодець,561
2737,130,буйний,561
2738,1232,люто,561
2739,864,збоку,560
2740,1020,капіталістичний,560
2741,2357,сором,560
2742,1598,оглядати,560
2743,1429,надворі,560
2744,167,василівна,560
2745,1227,люд,559
2746,102,борець,559
2747,2191,ромей,559
2748,2004,пристрасть,559
2749,2216,рівно,559
2750,666,дослід,559
2751,2106,пітьма,558
2752,158,вал,558
2753,984,зріст,558
2754,15,айт,558
2755,568,дарувати,558
2756,885,зводити,557
2757,541,густо,557
2758,2022,продукт,557
2759,489,гомін,557
2760,246,вимовити,557
2761,2351,солома,556
2762,2508,сьомий,556
2763,1854,полон,556
2764,1721,перевести,556
2765,2059,прямий,556
2766,595,десятий,556
2767,1838,позбавлений,555
2768,1543,нижче,555
2769,1589,образа,555
2770,168,васько,555
2771,2275,сердитися,555
2772,2016,проводити,555
2773,1546,низько,554
2774,2166,розбити,554
2775,318,володіти,554
2776,2356,сорока,554
2777,2363,соціалізм,554
2778,823,запис,554
2779,298,власник,553
2780,1091,комедія,553
2781,931,зморшка,553
2782,851,заходитися,553
2783,975,зраза,553
2784,1965,предмет,552
2785,2001,природний,552
2786,1487,натура,551
2787,973,зрадник,551
2788,466,глухо,551
2789,2605,тощо,551
2790,1828,подушка,551
2791,1879,помітно,551
2792,1000,зіна,551
2793,577,двигун,551
2794,1420,навіки,551
2795,1414,навкруги,550
2796,2728,характерний,550
2797,314,вокзал,550
2798,2221,різкий,550
2799,1484,наталка,549
2800,1177,кільце,549
2801,1684,очерет,549
2802,550,гітлерівець,549
2803,1657,особисто,548
2804,728,експеримент,548
2805,1059,клятий,548
2806,2149,речовина,548
2807,113,брама,548
2808,1922,потребувати,548
2809,1747,петер,548
2810,1651,оркестр,547
2811,1729,пережити,547
2812,1204,либонь,547
2813,683,дружній,546
2814,1873,помилятися,546
2815,1375,мужній,546
2816,2592,том,546
2817,1940,почувши,546
2818,450,гвинтівка,546
2819,2683,усміхатися,546
2820,2546,творець,546
2821,2331,слідчий,546
2822,1490,нахилитися,546
2823,2241,сан,545
2824,2450,сторож,544
2825,2572,течія,544
2826,1393,міркувати,544
2827,2081,піджак,544
2828,2944,ята,544
2829,2558,телеграма,544
2830,1417,навчання,543
2831,961,знімати,543
2832,2720,філософія,543
2833,2873,шолом,543
2834,212,вздовж,543
2835,1705,паркан,543
2836,1467,напрям,542
2837,1999,припинити,542
2838,392,відомість,542
2839,233,визнавати,542
2840,2956,єдність,542
2841,2581,тло,542
2842,1913,пост,541
2843,2318,скіф,541
2844,542,гігантський,540
2845,424,вірно,540
2846,1427,надавати,540
2847,1697,панський,540
2848,2370,спека,540
2849,1101,константинополь,540
2850,1478,насолода,540
2851,748,жито,539
2852,2874,шосе,539
2853,794,закоханий,538
2854,1081,колодязь,537
2855,2261,світогляд,536
2856,1985,призначити,536
2857,1170,куточок,536
2858,443,галявина,536
2859,677,дрова,536
2860,2784,цк,536
2861,1033,квартал,535
2862,2,абсолютно,535
2863,2249,священний,535
2864,2139,реалізм,535
2865,405,відтоді,535
2866,1173,кілограм,535
2867,1861,полювання,535
2868,532,гуго,534
2869,2853,шахтар,534
2870,2420,старенький,534
2871,1969,прекрасно,534
2872,385,відкривати,534
2873,517,гроза,534
2874,326,ворушитися,533
2875,1401,міськрада,532
2876,2726,хапати,532
2877,2516,сільськогосподарський,532
2878,491,горб,532
2879,2974,іноземний,532
2880,2838,чуб,531
2881,2603,точний,531
2882,645,дозвіл,531
2883,2423,стародавній,531
2884,2157,робот,531
2885,2979,іоанн,531
2886,2700,фантастичний,531
2887,1608,одиниця,531
2888,14,ай,531
2889,1878,помітний,530
2890,939,знайомство,530
2891,2829,чогось,530
2892,2453,стосуватися,530
2893,830,заплатити,530
2894,1305,мерщій,530
2895,1062,кнопка,529
2896,497,горький,529
2897,293,вклонитися,529
2898,2048,противник,529
2899,2577,тихенько,529
2900,2107,піфагор,529
2901,3,автобус,529
2902,1802,повіка,528
2903,1544,нижчий,528
2904,2367,спалити,528
2905,1428,надвечір,528
2906,1205,линути,528
2907,812,замовкнути,527
2908,1682,оцінка,527
2909,1403,місячний,527
2910,218,вибір,527
2911,2171,розгубитися,527
2912,1364,моряк,527
2913,521,грубий,527
2914,329,вояк,526
2915,372,вчинити,526
2916,195,верхній,526
2917,2620,тривалий,526
2918,511,гребля,525
2919,282,виховання,525
2920,426,вість,525
2921,2114,радник,525
2922,809,залізничний,524
2923,2379,список,524
2924,1689,палати,524
2925,292,вказати,524
2926,1499,небагато,523
2927,2601,торік,523
2928,1382,муха,523
2929,346,всередині,523
2930,265,вирішувати,522
2931,628,добитися,522
2932,1742,перспектива,522
2933,1124,коцюбинський,522
2934,564,дані,522
2935,1271,майстерність,521
2936,575,дванадцять,521
2937,1633,олексій,520
2938,1884,поняття,520
2939,456,георгій,520
2940,2153,рим,520
2941,1015,казковий,519
2942,835,запрошувати,519
2943,327,востаннє,519
2944,2389,спортивний,519
2945,2412,стало,519
2946,701,душевний,519
2947,2438,степанида,518
2948,1754,писатися,518
2949,1848,покотитися,518
2950,615,дивізія,518
2951,1733,перекласти,518
2952,201,весло,518
2953,1497,нащадок,517
2954,2861,шибка,517
2955,1317,мило,517
2956,2290,символ,517
2957,724,ей,516
2958,831,заплющити,516
2959,2124,райвиконком,516
2960,526,груша,515
2961,2441,стиснути,515
2962,2521,сірко,515
2963,57,батальйон,515
2964,358,втеча,515
2965,2096,пізній,514
2966,873,звеліти,514
2967,1158,кукурудза,514
2968,922,злодій,513
2969,1433,надійти,513
2970,191,вельми,513
2971,370,вчасно,513
2972,1776,побачення,513
2973,2755,хор,512
2974,933,змій,512
2975,2598,торба,512
2976,2446,стогін,512
2977,502,господиня,511
2978,2172,розгублено,511
2979,2219,рідко,511
2980,1720,перевага,511
2981,565,дар,511
2982,2776,цвіт,511
2983,786,задум,511
2984,516,грицько,510
2985,2188,розібрати,510
2986,2858,швидший,510
2987,1004,зітхати,509
2988,2899,щілина,509
2989,2523,січень,509
2990,716,дірка,509
2991,404,відступати,509
2992,1568,німий,509
2993,1022,кара,509
2994,343,врожай,508
2995,1919,потилиця,508
2996,2343,сніп,508
2997,2376,спинити,508
2998,2176,розкішний,508
2999,1130,краплина,508
